{
  "output": "submission_v49_blend_kaggle_tiny.tsv",
  "min_score": 0.20,
  "top_k": 10,
  "normalize": true,
  "hierarchy_clip": false,
  "inputs": [
    {
      "path": "submission_v49_diamond_transfer.tsv",
      "weights": {
        "F": 0.46125264461845744,
        "P": 0.4280292653857629,
        "C": 0.41317616365036597
      },
      "power": 1.0
    },
    {
      "path": "submission_v49_domain2go.tsv",
      "weights": {
        "F": 0.3885712516014019,
        "P": 0.4692941650535394,
        "C": 0.5088947334973902
      },
      "power": 1.0
    },
    {
      "path": "submission_v49_esm2_supervised_full_tiny.tsv",
      "weights": {
        "F": 0.15017610378014065,
        "P": 0.10267656956069775,
        "C": 0.07792910285224386
      },
      "power": 1.0
    }
  ]
}

